Date,Open,High,Low,Close,Volume,Market Cap
26-May-21,"$2,707.05 ","$2,911.74 ","$2,652.09 ","$2,888.70 ","$42,499,766,020 ","$335,196,485,646 "
27-May-21,"$2,888.75 ","$2,888.75 ","$2,642.61 ","$2,736.49 ","$33,373,635,283 ","$317,571,010,585 "
28-May-21,"$2,742.47 ","$2,761.36 ","$2,336.36 ","$2,419.91 ","$39,999,114,805 ","$280,864,129,343 "
29-May-21,"$2,414.07 ","$2,566.94 ","$2,208.49 ","$2,279.51 ","$33,773,720,220 ","$264,600,384,052 "
30-May-21,"$2,278.29 ","$2,472.19 ","$2,188.83 ","$2,390.31 ","$25,876,619,428 ","$277,492,990,927 "
31-May-21,"$2,387.20 ","$2,715.86 ","$2,279.51 ","$2,714.95 ","$31,007,383,150 ","$315,217,277,483 "
01-Jun-21,"$2,707.56 ","$2,739.74 ","$2,531.16 ","$2,633.52 ","$27,363,223,090 ","$305,798,597,367 "
02-Jun-21,"$2,634.46 ","$2,801.39 ","$2,555.40 ","$2,706.12 ","$27,723,267,359 ","$314,266,256,163 "
03-Jun-21,"$2,708.38 ","$2,891.25 ","$2,667.68 ","$2,855.13 ","$30,038,207,402 ","$331,608,133,101 "
04-Jun-21,"$2,857.17 ","$2,857.17 ","$2,562.64 ","$2,688.19 ","$34,173,841,611 ","$312,256,566,095 "
05-Jun-21,"$2,691.62 ","$2,817.48 ","$2,558.23 ","$2,630.58 ","$30,496,672,724 ","$305,598,725,249 "
06-Jun-21,"$2,629.75 ","$2,743.44 ","$2,616.16 ","$2,715.09 ","$25,311,639,414 ","$315,453,931,558 "
07-Jun-21,"$2,713.05 ","$2,845.19 ","$2,584.00 ","$2,590.26 ","$30,600,111,277 ","$300,985,400,826 "
08-Jun-21,"$2,594.60 ","$2,620.85 ","$2,315.55 ","$2,517.44 ","$41,909,736,778 ","$292,557,075,207 "
09-Jun-21,"$2,510.20 ","$2,625.07 ","$2,412.20 ","$2,608.27 ","$36,075,832,186 ","$303,147,462,062 "
10-Jun-21,"$2,611.14 ","$2,619.96 ","$2,435.40 ","$2,471.52 ","$28,753,626,390 ","$287,286,991,033 "
11-Jun-21,"$2,472.86 ","$2,495.41 ","$2,326.87 ","$2,353.77 ","$24,832,564,195 ","$273,631,367,135 "
12-Jun-21,"$2,354.75 ","$2,447.23 ","$2,265.76 ","$2,372.48 ","$25,724,364,410 ","$275,838,937,027 "
13-Jun-21,"$2,372.69 ","$2,547.37 ","$2,312.64 ","$2,508.39 ","$27,092,945,370 ","$291,673,894,435 "
14-Jun-21,"$2,508.77 ","$2,606.43 ","$2,469.39 ","$2,537.89 ","$26,964,576,331 ","$295,112,636,978 "
15-Jun-21,"$2,587.76 ","$2,639.23 ","$2,515.15 ","$2,610.94 ","$29,005,279,219 ","$303,650,794,388 "
16-Jun-21,"$2,544.86 ","$2,554.63 ","$2,354.35 ","$2,367.66 ","$24,101,926,180 ","$275,405,856,979 "
17-Jun-21,"$2,367.31 ","$2,457.18 ","$2,312.30 ","$2,372.00 ","$21,871,633,186 ","$275,942,664,677 "
18-Jun-21,"$2,374.59 ","$2,377.20 ","$2,147.31 ","$2,231.73 ","$22,752,818,388 ","$259,654,503,060 "
19-Jun-21,"$2,235.16 ","$2,278.41 ","$2,168.88 ","$2,178.50 ","$18,765,854,896 ","$253,490,067,194 "
20-Jun-21,"$2,171.34 ","$2,275.38 ","$2,049.96 ","$2,246.36 ","$22,535,930,423 ","$261,416,943,134 "
21-Jun-21,"$2,245.32 ","$2,259.46 ","$1,867.19 ","$1,888.45 ","$33,745,173,825 ","$219,790,202,020 "
22-Jun-21,"$1,886.67 ","$1,993.16 ","$1,707.60 ","$1,874.95 ","$35,547,251,725 ","$218,244,605,870 "
23-Jun-21,"$1,878.63 ","$2,043.53 ","$1,827.57 ","$1,989.74 ","$28,408,659,206 ","$231,625,292,667 "
24-Jun-21,"$1,968.96 ","$2,032.34 ","$1,887.43 ","$1,988.46 ","$20,272,845,769 ","$231,509,317,649 "
25-Jun-21,"$1,989.22 ","$2,017.76 ","$1,794.40 ","$1,813.22 ","$22,774,334,998 ","$211,131,091,602 "
26-Jun-21,"$1,810.88 ","$1,850.18 ","$1,719.56 ","$1,829.24 ","$20,637,542,361 ","$213,021,180,909 "
27-Jun-21,"$1,831.00 ","$1,979.96 ","$1,811.25 ","$1,978.89 ","$19,885,474,742 ","$230,473,556,118 "
28-Jun-21,"$1,981.39 ","$2,139.81 ","$1,963.62 ","$2,079.66 ","$25,514,602,841 ","$242,239,400,958 "
29-Jun-21,"$2,083.45 ","$2,242.24 ","$2,076.24 ","$2,160.77 ","$24,815,124,419 ","$251,715,870,101 "
30-Jun-21,"$2,164.22 ","$2,282.99 ","$2,090.76 ","$2,274.55 ","$25,828,056,268 ","$265,001,225,921 "
01-Jul-21,"$2,274.40 ","$2,274.40 ","$2,081.08 ","$2,113.61 ","$29,061,701,793 ","$246,278,235,669 "
02-Jul-21,"$2,109.89 ","$2,155.60 ","$2,021.82 ","$2,150.04 ","$31,796,212,554 ","$250,552,745,326 "
03-Jul-21,"$2,150.84 ","$2,237.57 ","$2,117.59 ","$2,226.11 ","$17,433,361,641 ","$259,447,545,608 "
04-Jul-21,"$2,226.55 ","$2,384.29 ","$2,190.84 ","$2,321.72 ","$18,787,107,473 ","$270,621,669,241 "
05-Jul-21,"$2,321.92 ","$2,321.92 ","$2,163.04 ","$2,198.58 ","$20,103,794,829 ","$256,297,846,064 "
06-Jul-21,"$2,197.92 ","$2,346.29 ","$2,197.92 ","$2,324.68 ","$20,891,861,314 ","$271,028,619,181 "
07-Jul-21,"$2,323.21 ","$2,403.77 ","$2,298.03 ","$2,315.16 ","$22,398,345,285 ","$269,950,094,549 "
08-Jul-21,"$2,317.95 ","$2,324.01 ","$2,089.41 ","$2,120.03 ","$23,188,123,689 ","$247,225,603,542 "
09-Jul-21,"$2,115.57 ","$2,185.38 ","$2,051.07 ","$2,146.69 ","$23,029,574,602 ","$250,363,856,991 "
10-Jul-21,"$2,147.00 ","$2,190.12 ","$2,081.92 ","$2,111.40 ","$17,581,542,471 ","$246,276,605,890 "
11-Jul-21,"$2,110.88 ","$2,172.65 ","$2,083.80 ","$2,139.66 ","$14,705,386,138 ","$249,601,597,225 "
12-Jul-21,"$2,140.51 ","$2,167.71 ","$2,011.02 ","$2,036.72 ","$17,768,129,077 ","$237,619,933,340 "
13-Jul-21,"$2,034.10 ","$2,040.69 ","$1,922.58 ","$1,940.08 ","$16,621,628,658 ","$226,371,110,382 "
14-Jul-21,"$1,941.17 ","$2,015.11 ","$1,869.22 ","$1,994.33 ","$17,342,819,679 ","$232,727,182,406 "
15-Jul-21,"$1,994.71 ","$2,037.74 ","$1,883.27 ","$1,911.18 ","$15,688,092,552 ","$223,049,018,143 "
16-Jul-21,"$1,916.60 ","$1,959.70 ","$1,853.59 ","$1,880.38 ","$14,884,569,147 ","$219,480,196,483 "
17-Jul-21,"$1,876.88 ","$1,917.60 ","$1,855.59 ","$1,898.83 ","$13,364,282,076 ","$221,657,905,577 "
18-Jul-21,"$1,900.19 ","$1,988.34 ","$1,883.01 ","$1,895.55 ","$13,791,868,728 ","$221,300,983,041 "
19-Jul-21,"$1,893.05 ","$1,916.12 ","$1,807.91 ","$1,817.30 ","$14,157,735,481 ","$212,189,036,787 "
20-Jul-21,"$1,819.08 ","$1,837.00 ","$1,722.05 ","$1,787.51 ","$17,368,597,636 ","$208,735,078,074 "
21-Jul-21,"$1,786.28 ","$2,025.68 ","$1,759.02 ","$1,990.97 ","$21,253,359,756 ","$232,520,574,470 "
22-Jul-21,"$1,994.82 ","$2,044.12 ","$1,954.30 ","$2,025.20 ","$17,495,480,331 ","$236,545,322,693 "
23-Jul-21,"$2,025.11 ","$2,129.44 ","$2,000.44 ","$2,124.78 ","$16,200,392,492 ","$248,204,064,165 "
24-Jul-21,"$2,123.96 ","$2,197.65 ","$2,107.32 ","$2,189.22 ","$16,057,446,601 ","$255,761,140,995 "
25-Jul-21,"$2,187.15 ","$2,194.44 ","$2,108.83 ","$2,191.37 ","$14,566,483,636 ","$256,042,010,286 "
26-Jul-21,"$2,191.31 ","$2,428.82 ","$2,177.33 ","$2,233.37 ","$29,614,324,233 ","$260,978,030,148 "
27-Jul-21,"$2,230.20 ","$2,316.95 ","$2,154.73 ","$2,298.33 ","$23,067,480,378 ","$268,599,779,831 "
28-Jul-21,"$2,302.08 ","$2,341.78 ","$2,250.91 ","$2,296.55 ","$18,991,302,378 ","$268,421,055,914 "
29-Jul-21,"$2,299.01 ","$2,396.45 ","$2,273.40 ","$2,380.96 ","$16,313,373,113 ","$278,318,371,381 "
30-Jul-21,"$2,382.55 ","$2,469.70 ","$2,322.34 ","$2,466.96 ","$20,212,848,934 ","$288,404,129,264 "
31-Jul-21,"$2,461.58 ","$2,551.16 ","$2,423.82 ","$2,536.21 ","$18,001,710,283 ","$296,532,997,873 "
01-Aug-21,"$2,530.46 ","$2,695.43 ","$2,520.93 ","$2,561.85 ","$22,697,987,055 ","$299,564,961,374 "
02-Aug-21,"$2,557.77 ","$2,665.73 ","$2,511.38 ","$2,610.15 ","$22,162,754,104 ","$305,247,273,085 "
03-Aug-21,"$2,609.41 ","$2,630.31 ","$2,449.35 ","$2,502.35 ","$22,696,753,413 ","$292,673,137,937 "
04-Aug-21,"$2,508.54 ","$2,764.44 ","$2,463.47 ","$2,724.62 ","$25,038,698,173 ","$318,705,809,705 "
05-Aug-21,"$2,725.67 ","$2,840.43 ","$2,540.68 ","$2,827.33 ","$31,057,928,075 ","$330,757,177,808 "
06-Aug-21,"$2,827.50 ","$2,944.90 ","$2,727.79 ","$2,890.94 ","$26,528,577,879 ","$338,237,757,600 "
07-Aug-21,"$2,891.71 ","$3,170.23 ","$2,868.54 ","$3,157.24 ","$33,081,467,129 ","$369,437,242,138 "
08-Aug-21,"$3,161.23 ","$3,184.60 ","$2,951.75 ","$3,013.73 ","$28,433,638,008 ","$352,685,939,542 "
09-Aug-21,"$3,012.89 ","$3,185.70 ","$2,900.93 ","$3,167.86 ","$31,983,260,936 ","$370,765,447,257 "
10-Aug-21,"$3,163.05 ","$3,228.94 ","$3,059.23 ","$3,141.69 ","$27,605,221,710 ","$367,745,684,864 "
11-Aug-21,"$3,142.83 ","$3,269.21 ","$3,122.92 ","$3,164.25 ","$26,729,035,052 ","$370,427,827,541 "
12-Aug-21,"$3,164.18 ","$3,236.31 ","$2,984.17 ","$3,043.41 ","$25,403,699,845 ","$356,323,695,446 "
13-Aug-21,"$3,049.00 ","$3,324.67 ","$3,037.68 ","$3,322.21 ","$23,868,866,254 ","$389,010,223,400 "
14-Aug-21,"$3,322.76 ","$3,329.28 ","$3,214.52 ","$3,265.44 ","$19,860,862,133 ","$382,406,961,576 "
15-Aug-21,"$3,266.28 ","$3,320.08 ","$3,117.79 ","$3,310.50 ","$22,166,205,051 ","$387,728,432,650 "
16-Aug-21,"$3,309.42 ","$3,333.99 ","$3,139.78 ","$3,156.51 ","$23,080,039,949 ","$369,734,989,544 "
17-Aug-21,"$3,149.38 ","$3,288.81 ","$2,996.47 ","$3,014.85 ","$25,509,056,745 ","$353,182,540,849 "
18-Aug-21,"$3,011.96 ","$3,124.98 ","$2,959.03 ","$3,020.09 ","$21,539,248,425 ","$353,837,223,420 "
19-Aug-21,"$3,019.13 ","$3,184.44 ","$2,963.15 ","$3,182.70 ","$19,546,290,360 ","$372,932,559,773 "
20-Aug-21,"$3,182.16 ","$3,298.25 ","$3,178.10 ","$3,286.94 ","$20,885,619,828 ","$385,190,199,131 "
21-Aug-21,"$3,286.93 ","$3,307.35 ","$3,209.87 ","$3,226.08 ","$18,113,977,628 ","$378,102,594,336 "
22-Aug-21,"$3,226.23 ","$3,272.73 ","$3,142.01 ","$3,242.12 ","$15,983,278,460 ","$380,025,418,317 "
23-Aug-21,"$3,241.36 ","$3,373.38 ","$3,235.85 ","$3,319.26 ","$20,511,110,509 ","$389,112,198,985 "
24-Aug-21,"$3,324.86 ","$3,358.69 ","$3,154.12 ","$3,172.46 ","$20,131,028,906 ","$371,945,926,397 "
25-Aug-21,"$3,174.27 ","$3,248.73 ","$3,086.11 ","$3,224.92 ","$18,902,728,235 ","$378,139,623,273 "
26-Aug-21,"$3,228.75 ","$3,249.66 ","$3,060.23 ","$3,100.33 ","$17,405,668,117 ","$363,573,005,236 "
27-Aug-21,"$3,096.41 ","$3,281.84 ","$3,064.49 ","$3,270.60 ","$18,489,602,004 ","$383,584,756,115 "
28-Aug-21,"$3,275.10 ","$3,284.85 ","$3,217.40 ","$3,244.40 ","$13,709,633,698 ","$380,556,000,846 "
29-Aug-21,"$3,246.77 ","$3,283.24 ","$3,158.84 ","$3,227.00 ","$13,296,586,731 ","$378,558,550,046 "
30-Aug-21,"$3,227.19 ","$3,346.58 ","$3,151.44 ","$3,224.37 ","$19,306,924,485 ","$378,293,803,192 "
31-Aug-21,"$3,227.76 ","$3,466.99 ","$3,195.22 ","$3,433.73 ","$27,280,502,987 ","$402,902,770,210 "
01-Sep-21,"$3,430.76 ","$3,836.87 ","$3,387.41 ","$3,834.83 ","$30,070,890,104 ","$450,017,458,312 "
02-Sep-21,"$3,825.03 ","$3,830.71 ","$3,726.75 ","$3,790.99 ","$24,387,397,330 ","$444,924,932,307 "
03-Sep-21,"$3,787.49 ","$4,022.47 ","$3,712.68 ","$3,940.61 ","$26,207,765,094 ","$462,538,485,147 "
04-Sep-21,"$3,937.91 ","$3,969.45 ","$3,837.93 ","$3,887.83 ","$20,806,963,328 ","$456,394,981,337 "
05-Sep-21,"$3,886.33 ","$3,979.19 ","$3,838.49 ","$3,952.13 ","$18,371,468,576 ","$463,997,267,858 "
06-Sep-21,"$3,951.52 ","$3,968.43 ","$3,868.99 ","$3,928.38 ","$18,674,691,198 ","$461,261,434,464 "
07-Sep-21,"$3,926.53 ","$3,945.31 ","$3,062.22 ","$3,426.39 ","$39,131,346,397 ","$402,365,928,843 "
08-Sep-21,"$3,428.38 ","$3,559.12 ","$3,224.76 ","$3,497.32 ","$31,738,430,771 ","$410,741,599,782 "
09-Sep-21,"$3,452.55 ","$3,562.99 ","$3,400.52 ","$3,427.34 ","$24,118,055,831 ","$402,569,602,098 "
10-Sep-21,"$3,425.56 ","$3,512.57 ","$3,157.06 ","$3,211.51 ","$22,355,974,097 ","$377,261,165,406 "
11-Sep-21,"$3,209.03 ","$3,346.53 ","$3,208.96 ","$3,270.28 ","$18,627,122,934 ","$384,209,314,701 "
12-Sep-21,"$3,270.29 ","$3,462.47 ","$3,235.11 ","$3,410.13 ","$16,810,411,424 ","$400,686,506,367 "
13-Sep-21,"$3,407.47 ","$3,426.50 ","$3,121.51 ","$3,285.51 ","$22,721,552,948 ","$386,087,569,776 "
14-Sep-21,"$3,286.32 ","$3,429.17 ","$3,273.63 ","$3,429.17 ","$19,125,420,848 ","$403,015,177,032 "
15-Sep-21,"$3,431.22 ","$3,615.28 ","$3,365.91 ","$3,615.28 ","$17,548,551,804 ","$424,937,147,897 "
16-Sep-21,"$3,613.07 ","$3,673.31 ","$3,489.81 ","$3,571.29 ","$20,093,903,064 ","$419,815,044,704 "
17-Sep-21,"$3,569.57 ","$3,589.31 ","$3,356.45 ","$3,398.54 ","$17,722,363,229 ","$399,552,923,890 "
18-Sep-21,"$3,397.42 ","$3,540.81 ","$3,371.89 ","$3,432.02 ","$15,995,220,233 ","$403,535,591,621 "
19-Sep-21,"$3,433.29 ","$3,448.32 ","$3,286.17 ","$3,329.45 ","$14,257,609,743 ","$391,520,172,702 "
20-Sep-21,"$3,329.67 ","$3,343.33 ","$2,940.84 ","$2,958.99 ","$27,371,684,581 ","$347,997,332,693 "
21-Sep-21,"$2,977.31 ","$3,101.70 ","$2,676.41 ","$2,764.43 ","$30,405,062,665 ","$325,153,006,769 "
22-Sep-21,"$2,763.21 ","$3,089.08 ","$2,741.44 ","$3,077.87 ","$23,742,102,645 ","$362,060,838,609 "
23-Sep-21,"$3,077.97 ","$3,173.54 ","$3,038.10 ","$3,155.52 ","$18,516,291,047 ","$371,237,859,101 "
24-Sep-21,"$3,154.56 ","$3,159.64 ","$2,747.34 ","$2,931.67 ","$25,595,422,789 ","$344,941,570,042 "
25-Sep-21,"$2,930.88 ","$2,968.99 ","$2,818.97 ","$2,925.57 ","$18,932,786,754 ","$344,263,323,578 "
26-Sep-21,"$2,926.34 ","$3,114.86 ","$2,744.58 ","$3,062.27 ","$21,172,766,310 ","$360,390,447,457 "
27-Sep-21,"$3,065.84 ","$3,163.67 ","$2,932.69 ","$2,934.14 ","$19,164,053,681 ","$345,350,983,222 "
28-Sep-21,"$2,928.96 ","$2,970.77 ","$2,793.36 ","$2,807.30 ","$16,895,079,070 ","$330,459,005,352 "
29-Sep-21,"$2,809.30 ","$2,946.88 ","$2,786.99 ","$2,853.14 ","$15,763,456,158 ","$335,894,451,616 "
30-Sep-21,"$2,852.56 ","$3,046.52 ","$2,840.29 ","$3,001.68 ","$17,661,065,099 ","$353,421,264,860 "
01-Oct-21,"$3,001.13 ","$3,329.85 ","$2,978.65 ","$3,307.52 ","$22,307,625,573 ","$389,475,327,627 "
02-Oct-21,"$3,308.87 ","$3,464.84 ","$3,260.03 ","$3,391.69 ","$19,202,671,704 ","$399,433,404,741 "
03-Oct-21,"$3,390.77 ","$3,484.61 ","$3,348.12 ","$3,418.36 ","$15,516,566,862 ","$402,619,122,254 "
04-Oct-21,"$3,418.78 ","$3,434.78 ","$3,283.45 ","$3,380.09 ","$17,747,154,101 ","$398,156,802,049 "
05-Oct-21,"$3,381.78 ","$3,541.45 ","$3,365.82 ","$3,518.52 ","$16,632,591,670 ","$414,510,299,768 "
06-Oct-21,"$3,516.57 ","$3,622.55 ","$3,354.47 ","$3,580.56 ","$21,855,226,591 ","$421,867,592,042 "
07-Oct-21,"$3,576.81 ","$3,650.01 ","$3,479.91 ","$3,587.97 ","$19,090,322,927 ","$422,788,897,812 "
08-Oct-21,"$3,587.83 ","$3,667.96 ","$3,547.83 ","$3,563.76 ","$16,222,029,488 ","$419,983,193,014 "
09-Oct-21,"$3,560.00 ","$3,628.24 ","$3,544.64 ","$3,575.72 ","$12,707,036,942 ","$421,440,173,778 "
10-Oct-21,"$3,575.02 ","$3,603.24 ","$3,414.97 ","$3,425.85 ","$16,171,746,693 ","$403,822,590,446 "
11-Oct-21,"$3,419.73 ","$3,622.29 ","$3,385.76 ","$3,545.35 ","$18,579,189,588 ","$417,956,526,087 "
12-Oct-21,"$3,546.48 ","$3,546.48 ","$3,407.34 ","$3,492.57 ","$18,109,578,443 ","$411,781,081,166 "
13-Oct-21,"$3,492.75 ","$3,607.74 ","$3,417.60 ","$3,606.20 ","$16,211,275,589 ","$425,218,703,480 "
14-Oct-21,"$3,604.96 ","$3,819.26 ","$3,590.28 ","$3,786.01 ","$19,443,499,909 ","$446,474,897,131 "
15-Oct-21,"$3,790.15 ","$3,895.47 ","$3,735.36 ","$3,862.63 ","$20,966,841,512 ","$455,566,504,000 "
16-Oct-21,"$3,865.67 ","$3,962.45 ","$3,805.89 ","$3,830.38 ","$16,578,095,629 ","$451,814,143,160 "
17-Oct-21,"$3,829.86 ","$3,914.90 ","$3,660.72 ","$3,847.10 ","$15,908,090,346 ","$453,838,694,184 "
18-Oct-21,"$3,847.73 ","$3,888.21 ","$3,686.75 ","$3,748.76 ","$17,386,204,158 ","$442,286,890,171 "
19-Oct-21,"$3,747.16 ","$3,883.93 ","$3,736.78 ","$3,877.65 ","$15,998,757,133 ","$457,545,764,474 "
20-Oct-21,"$3,877.73 ","$4,167.47 ","$3,833.29 ","$4,155.99 ","$20,338,319,988 ","$490,444,280,909 "
21-Oct-21,"$4,161.71 ","$4,366.09 ","$4,032.48 ","$4,054.32 ","$28,220,661,820 ","$478,500,948,880 "
22-Oct-21,"$4,055.69 ","$4,162.98 ","$3,908.34 ","$3,970.18 ","$19,432,937,968 ","$468,623,912,328 "
23-Oct-21,"$3,971.36 ","$4,171.66 ","$3,944.63 ","$4,171.66 ","$14,781,537,792 ","$492,462,196,227 "
24-Oct-21,"$4,171.86 ","$4,185.73 ","$3,967.12 ","$4,087.90 ","$14,978,083,638 ","$482,628,847,456 "
25-Oct-21,"$4,084.43 ","$4,236.67 ","$4,072.03 ","$4,217.88 ","$15,995,727,040 ","$498,030,801,217 "
26-Oct-21,"$4,217.34 ","$4,289.13 ","$4,106.82 ","$4,131.10 ","$17,157,714,562 ","$487,840,182,030 "
27-Oct-21,"$4,132.17 ","$4,299.15 ","$3,930.26 ","$3,930.26 ","$26,219,530,404 ","$464,175,061,361 "
28-Oct-21,"$3,924.82 ","$4,293.15 ","$3,905.71 ","$4,287.32 ","$25,958,154,575 ","$506,402,198,179 "
29-Oct-21,"$4,288.69 ","$4,455.74 ","$4,271.71 ","$4,414.75 ","$22,967,641,914 ","$521,512,615,610 "
30-Oct-21,"$4,414.24 ","$4,426.85 ","$4,252.49 ","$4,325.65 ","$14,615,490,626 ","$511,045,675,623 "
31-Oct-21,"$4,322.74 ","$4,394.45 ","$4,179.02 ","$4,288.07 ","$17,498,160,238 ","$506,663,636,947 "
01-Nov-21,"$4,288.22 ","$4,377.32 ","$4,160.97 ","$4,324.63 ","$17,985,288,261 ","$511,040,780,623 "
02-Nov-21,"$4,322.50 ","$4,599.95 ","$4,288.69 ","$4,584.80 ","$20,794,448,222 ","$541,846,540,463 "
03-Nov-21,"$4,589.68 ","$4,664.91 ","$4,462.98 ","$4,607.19 ","$21,220,463,155 ","$544,555,114,009 "
04-Nov-21,"$4,604.68 ","$4,606.52 ","$4,426.62 ","$4,537.32 ","$18,415,244,464 ","$536,356,841,434 "
05-Nov-21,"$4,537.42 ","$4,570.90 ","$4,447.49 ","$4,486.24 ","$15,086,003,586 ","$530,378,899,238 "
06-Nov-21,"$4,482.65 ","$4,531.00 ","$4,334.97 ","$4,521.58 ","$14,429,076,700 ","$534,616,843,813 "
07-Nov-21,"$4,523.98 ","$4,640.92 ","$4,510.98 ","$4,620.55 ","$13,541,376,033 ","$546,381,671,971 "
08-Nov-21,"$4,619.65 ","$4,822.36 ","$4,619.65 ","$4,812.09 ","$19,290,896,267 ","$569,094,330,697 "
09-Nov-21,"$4,810.07 ","$4,837.59 ","$4,718.04 ","$4,735.07 ","$20,834,172,627 ","$560,049,280,556 "
10-Nov-21,"$4,733.36 ","$4,859.50 ","$4,485.09 ","$4,636.17 ","$22,748,160,545 ","$548,414,296,327 "
11-Nov-21,"$4,635.45 ","$4,778.06 ","$4,580.99 ","$4,730.38 ","$17,933,201,129 ","$559,621,726,330 "
12-Nov-21,"$4,724.31 ","$4,808.74 ","$4,510.92 ","$4,667.12 ","$18,316,060,208 ","$552,199,380,998 "
13-Nov-21,"$4,666.72 ","$4,702.12 ","$4,582.18 ","$4,651.46 ","$14,457,436,261 ","$550,408,539,446 "
14-Nov-21,"$4,648.63 ","$4,689.84 ","$4,516.94 ","$4,626.36 ","$12,172,962,219 ","$547,499,259,423 "
15-Nov-21,"$4,627.09 ","$4,764.64 ","$4,546.60 ","$4,557.50 ","$16,275,851,299 ","$539,410,730,883 "
16-Nov-21,"$4,570.48 ","$4,891.70 ","$4,144.33 ","$4,216.37 ","$27,417,502,801 ","$499,090,512,787 "
17-Nov-21,"$4,213.91 ","$4,300.31 ","$4,107.13 ","$4,287.59 ","$22,183,461,850 ","$507,579,384,616 "
18-Nov-21,"$4,287.80 ","$4,343.56 ","$3,959.23 ","$4,000.65 ","$21,383,250,893 ","$473,663,292,938 "
19-Nov-21,"$3,995.73 ","$4,311.71 ","$3,982.92 ","$4,298.31 ","$20,626,269,711 ","$508,960,524,908 "
20-Nov-21,"$4,298.35 ","$4,434.39 ","$4,209.24 ","$4,409.93 ","$15,448,261,277 ","$522,236,291,601 "
21-Nov-21,"$4,412.20 ","$4,422.49 ","$4,255.46 ","$4,269.73 ","$14,094,831,413 ","$505,690,293,990 "
22-Nov-21,"$4,266.51 ","$4,302.02 ","$4,033.57 ","$4,088.46 ","$19,752,218,877 ","$484,275,218,142 "
23-Nov-21,"$4,089.68 ","$4,385.48 ","$4,069.77 ","$4,340.76 ","$22,133,497,059 ","$514,217,959,090 "
24-Nov-21,"$4,340.04 ","$4,376.88 ","$4,176.18 ","$4,239.98 ","$21,838,037,128 ","$502,285,105,696 "
25-Nov-21,"$4,271.39 ","$4,550.52 ","$4,249.77 ","$4,274.74 ","$18,705,358,318 ","$506,472,632,401 "
26-Nov-21,"$4,522.21 ","$4,550.84 ","$3,933.51 ","$4,030.91 ","$26,281,795,488 ","$477,672,051,593 "
27-Nov-21,"$4,043.00 ","$4,187.68 ","$4,033.51 ","$4,096.91 ","$16,515,693,874 ","$485,548,014,481 "
28-Nov-21,"$4,101.65 ","$4,297.92 ","$3,989.97 ","$4,294.45 ","$15,953,126,340 ","$509,016,708,179 "
29-Nov-21,"$4,296.95 ","$4,460.85 ","$4,284.50 ","$4,445.11 ","$19,086,475,837 ","$526,931,291,117 "
30-Nov-21,"$4,447.77 ","$4,753.27 ","$4,358.07 ","$4,631.48 ","$28,626,354,111 ","$549,085,770,691 "
01-Dec-21,"$4,623.68 ","$4,780.73 ","$4,530.27 ","$4,586.99 ","$27,634,826,695 ","$543,871,223,795 "
02-Dec-21,"$4,586.33 ","$4,628.92 ","$4,441.51 ","$4,511.30 ","$21,502,671,027 ","$534,956,208,694 "
03-Dec-21,"$4,514.36 ","$4,647.29 ","$4,100.15 ","$4,220.71 ","$25,879,591,528 ","$500,552,313,217 "
04-Dec-21,"$4,227.76 ","$4,242.73 ","$3,525.49 ","$4,119.59 ","$38,478,999,182 ","$488,613,645,062 "
05-Dec-21,"$4,119.63 ","$4,246.92 ","$4,040.22 ","$4,198.32 ","$25,533,062,707 ","$498,007,875,686 "
06-Dec-21,"$4,199.00 ","$4,375.52 ","$3,930.81 ","$4,358.74 ","$28,229,518,513 ","$517,093,472,536 "
07-Dec-21,"$4,358.59 ","$4,428.59 ","$4,264.32 ","$4,315.06 ","$22,366,213,354 ","$511,968,714,781 "
08-Dec-21,"$4,311.67 ","$4,453.11 ","$4,234.54 ","$4,439.36 ","$18,704,315,119 ","$526,774,233,712 "
09-Dec-21,"$4,433.03 ","$4,482.31 ","$4,078.84 ","$4,119.82 ","$22,296,131,874 ","$488,911,369,093 "
10-Dec-21,"$4,113.59 ","$4,227.11 ","$3,897.77 ","$3,908.50 ","$28,014,595,631 ","$463,886,245,130 "
11-Dec-21,"$3,909.67 ","$4,095.65 ","$3,846.05 ","$4,084.45 ","$19,131,502,454 ","$484,824,810,240 "
12-Dec-21,"$4,084.81 ","$4,173.61 ","$3,993.06 ","$4,134.45 ","$14,057,603,914 ","$490,816,832,310 "
13-Dec-21,"$4,136.36 ","$4,145.96 ","$3,680.61 ","$3,784.23 ","$23,999,841,386 ","$449,291,443,953 "
14-Dec-21,"$3,782.82 ","$3,866.63 ","$3,700.10 ","$3,745.44 ","$23,836,759,957 ","$444,724,220,347 "
15-Dec-21,"$3,862.25 ","$4,086.37 ","$3,664.72 ","$4,018.39 ","$26,411,188,833 ","$477,201,243,362 "
16-Dec-21,"$4,020.41 ","$4,110.37 ","$3,956.06 ","$3,962.47 ","$19,825,531,254 ","$470,613,962,761 "
17-Dec-21,"$3,959.01 ","$3,992.79 ","$3,711.42 ","$3,879.49 ","$23,143,541,098 ","$460,810,766,341 "
18-Dec-21,"$3,880.29 ","$3,993.83 ","$3,774.62 ","$3,960.86 ","$19,530,895,889 ","$470,530,555,466 "
19-Dec-21,"$3,960.87 ","$4,018.66 ","$3,894.40 ","$3,922.59 ","$16,167,785,597 ","$466,037,604,379 "
20-Dec-21,"$3,923.70 ","$3,980.10 ","$3,759.40 ","$3,933.84 ","$21,589,690,675 ","$467,428,565,001 "
21-Dec-21,"$3,938.46 ","$4,058.82 ","$3,918.84 ","$4,020.26 ","$16,388,555,198 ","$477,751,386,115 "
22-Dec-21,"$4,018.70 ","$4,073.79 ","$3,947.69 ","$3,982.10 ","$13,921,756,199 ","$473,270,048,864 "
23-Dec-21,"$3,981.96 ","$4,149.03 ","$3,897.23 ","$4,108.02 ","$18,007,273,742 ","$488,291,028,084 "
24-Dec-21,"$4,111.34 ","$4,134.11 ","$4,029.06 ","$4,047.98 ","$12,769,090,623 ","$481,210,199,545 "
25-Dec-21,"$4,049.78 ","$4,138.57 ","$4,027.93 ","$4,093.28 ","$10,894,785,525 ","$486,650,526,450 "
26-Dec-21,"$4,094.15 ","$4,105.02 ","$4,013.03 ","$4,067.33 ","$11,197,244,172 ","$483,620,188,465 "
27-Dec-21,"$4,064.75 ","$4,126.00 ","$4,033.49 ","$4,037.55 ","$11,424,360,002 ","$480,134,213,401 "
28-Dec-21,"$4,037.54 ","$4,037.54 ","$3,769.28 ","$3,800.89 ","$17,299,472,803 ","$452,043,198,574 "
29-Dec-21,"$3,797.44 ","$3,827.98 ","$3,612.80 ","$3,628.53 ","$15,722,555,672 ","$431,593,692,098 "
30-Dec-21,"$3,632.22 ","$3,767.56 ","$3,595.20 ","$3,713.85 ","$12,925,377,999 ","$441,792,512,827 "
31-Dec-21,"$3,713.43 ","$3,807.29 ","$3,636.87 ","$3,682.63 ","$14,157,285,268 ","$438,128,003,491 "
01-Jan-22,"$3,683.05 ","$3,769.92 ","$3,682.29 ","$3,769.70 ","$9,776,191,466 ","$448,537,615,143 "
02-Jan-22,"$3,769.30 ","$3,836.16 ","$3,727.36 ","$3,829.57 ","$9,881,471,548 ","$455,713,570,381 "
03-Jan-22,"$3,829.54 ","$3,836.20 ","$3,698.05 ","$3,761.38 ","$12,080,777,893 ","$447,650,792,404 "
04-Jan-22,"$3,761.36 ","$3,876.79 ","$3,723.35 ","$3,794.06 ","$14,030,925,983 ","$451,591,466,825 "
05-Jan-22,"$3,794.27 ","$3,842.06 ","$3,456.75 ","$3,550.39 ","$18,061,338,502 ","$422,636,379,036 "
06-Jan-22,"$3,549.71 ","$3,549.71 ","$3,335.38 ","$3,418.41 ","$24,293,791,313 ","$406,971,721,364 "
07-Jan-22,"$3,417.84 ","$3,420.46 ","$3,117.38 ","$3,193.21 ","$24,494,179,209 ","$380,204,321,962 "
08-Jan-22,"$3,193.50 ","$3,240.30 ","$3,020.88 ","$3,091.97 ","$16,037,732,700 ","$368,192,421,487 "
09-Jan-22,"$3,091.70 ","$3,206.79 ","$3,075.91 ","$3,157.75 ","$12,334,683,863 ","$376,068,612,894 "
10-Jan-22,"$3,157.57 ","$3,177.21 ","$2,947.68 ","$3,083.10 ","$19,535,744,145 ","$367,219,283,311 "
11-Jan-22,"$3,082.99 ","$3,247.51 ","$3,061.14 ","$3,238.11 ","$15,211,447,193 ","$385,726,806,148 "
12-Jan-22,"$3,238.45 ","$3,401.22 ","$3,216.72 ","$3,372.26 ","$16,662,871,689 ","$401,752,380,546 "
13-Jan-22,"$3,372.10 ","$3,396.97 ","$3,247.92 ","$3,248.29 ","$15,294,466,275 ","$387,027,270,412 "
14-Jan-22,"$3,248.65 ","$3,330.77 ","$3,203.82 ","$3,310.00 ","$13,562,957,230 ","$394,425,210,962 "
15-Jan-22,"$3,309.84 ","$3,364.54 ","$3,278.67 ","$3,330.53 ","$9,619,999,078 ","$396,916,629,873 "
16-Jan-22,"$3,330.39 ","$3,376.40 ","$3,291.56 ","$3,350.92 ","$9,505,934,874 ","$399,392,136,112 "
17-Jan-22,"$3,350.95 ","$3,355.82 ","$3,157.22 ","$3,212.30 ","$12,344,309,617 ","$382,914,238,639 "
18-Jan-22,"$3,212.29 ","$3,236.02 ","$3,096.12 ","$3,164.03 ","$13,024,154,091 ","$377,202,294,416 "
19-Jan-22,"$3,163.85 ","$3,171.16 ","$3,055.21 ","$3,095.83 ","$13,187,424,144 ","$369,113,617,589 "
20-Jan-22,"$3,095.27 ","$3,265.34 ","$3,000.91 ","$3,001.12 ","$10,645,922,764 ","$357,862,901,302 "
21-Jan-22,"$3,002.96 ","$3,029.08 ","$2,496.81 ","$2,557.93 ","$26,796,291,874 ","$305,050,189,407 "
22-Jan-22,"$2,561.15 ","$2,615.25 ","$2,330.25 ","$2,405.18 ","$27,369,692,036 ","$286,866,655,647 "
23-Jan-22,"$2,406.92 ","$2,542.14 ","$2,381.52 ","$2,535.04 ","$16,481,489,511 ","$302,389,263,381 "
24-Jan-22,"$2,535.89 ","$2,537.21 ","$2,172.30 ","$2,440.35 ","$28,220,804,648 ","$291,127,719,901 "
25-Jan-22,"$2,440.39 ","$2,498.51 ","$2,359.38 ","$2,455.93 ","$16,179,776,932 ","$293,019,902,304 "
26-Jan-22,"$2,455.58 ","$2,705.78 ","$2,417.68 ","$2,468.03 ","$21,229,909,340 ","$294,496,473,175 "
27-Jan-22,"$2,467.19 ","$2,510.45 ","$2,328.45 ","$2,423.00 ","$16,126,522,783 ","$289,156,264,094 "
28-Jan-22,"$2,421.65 ","$2,548.78 ","$2,367.83 ","$2,547.09 ","$14,666,227,351 ","$303,999,533,601 "
29-Jan-22,"$2,546.59 ","$2,627.61 ","$2,526.99 ","$2,597.08 ","$11,172,062,661 ","$310,001,494,765 "
30-Jan-22,"$2,598.56 ","$2,631.41 ","$2,550.46 ","$2,603.47 ","$9,501,221,177 ","$310,798,780,839 "
31-Jan-22,"$2,603.26 ","$2,697.74 ","$2,489.07 ","$2,688.28 ","$13,778,234,614 ","$320,959,888,865 "
01-Feb-22,"$2,687.90 ","$2,802.32 ","$2,682.62 ","$2,792.12 ","$13,194,846,235 ","$333,395,296,200 "
02-Feb-22,"$2,791.96 ","$2,802.21 ","$2,630.12 ","$2,682.85 ","$13,876,301,217 ","$320,384,932,826 "
03-Feb-22,"$2,682.23 ","$2,712.48 ","$2,587.78 ","$2,679.16 ","$12,755,505,065 ","$319,980,125,796 "
04-Feb-22,"$2,681.06 ","$2,983.59 ","$2,675.44 ","$2,983.59 ","$18,987,223,729 ","$356,379,709,501 "
05-Feb-22,"$2,984.45 ","$3,054.13 ","$2,966.78 ","$3,014.65 ","$13,102,093,957 ","$360,130,344,738 "
06-Feb-22,"$3,014.96 ","$3,061.26 ","$2,965.43 ","$3,057.48 ","$9,466,018,022 ","$365,288,302,067 "
07-Feb-22,"$3,057.42 ","$3,182.53 ","$3,002.93 ","$3,142.47 ","$15,197,063,785 ","$375,485,569,686 "
08-Feb-22,"$3,143.01 ","$3,219.47 ","$3,038.38 ","$3,122.61 ","$17,136,080,906 ","$373,154,427,925 "
09-Feb-22,"$3,121.18 ","$3,263.16 ","$3,063.16 ","$3,239.46 ","$13,951,308,490 ","$387,161,915,316 "
10-Feb-22,"$3,240.11 ","$3,271.32 ","$3,070.38 ","$3,077.48 ","$18,629,485,080 ","$367,845,386,121 "
11-Feb-22,"$3,077.41 ","$3,127.45 ","$2,888.71 ","$2,927.38 ","$16,043,881,065 ","$349,944,259,218 "
12-Feb-22,"$2,927.39 ","$2,980.08 ","$2,870.18 ","$2,917.36 ","$11,254,355,757 ","$348,785,733,007 "
13-Feb-22,"$2,916.79 ","$2,947.78 ","$2,845.40 ","$2,883.46 ","$9,054,963,563 ","$344,772,260,795 "
14-Feb-22,"$2,880.19 ","$2,957.96 ","$2,840.26 ","$2,933.48 ","$12,164,552,172 ","$350,792,159,064 "
15-Feb-22,"$2,933.73 ","$3,185.52 ","$2,917.86 ","$3,179.88 ","$13,921,257,873 ","$380,300,250,254 "
16-Feb-22,"$3,180.45 ","$3,181.62 ","$3,055.17 ","$3,127.83 ","$12,352,406,833 ","$374,117,832,127 "
17-Feb-22,"$3,126.86 ","$3,154.62 ","$2,861.85 ","$2,881.48 ","$15,860,206,214 ","$344,691,405,366 "
18-Feb-22,"$2,884.34 ","$2,937.31 ","$2,761.64 ","$2,785.73 ","$15,748,173,433 ","$333,274,482,393 "
19-Feb-22,"$2,784.87 ","$2,826.35 ","$2,707.38 ","$2,763.70 ","$9,774,183,169 ","$330,676,602,382 "
20-Feb-22,"$2,763.76 ","$2,763.76 ","$2,585.95 ","$2,628.65 ","$11,641,437,834 ","$314,553,542,349 "
21-Feb-22,"$2,627.67 ","$2,752.46 ","$2,568.25 ","$2,573.82 ","$18,646,392,740 ","$308,026,942,925 "
22-Feb-22,"$2,572.90 ","$2,648.92 ","$2,510.68 ","$2,639.30 ","$16,360,200,507 ","$315,899,223,813 "
23-Feb-22,"$2,639.45 ","$2,741.37 ","$2,587.41 ","$2,590.36 ","$13,382,637,240 ","$310,077,026,340 "
24-Feb-22,"$2,588.17 ","$2,689.05 ","$2,308.91 ","$2,598.07 ","$29,312,342,666 ","$311,035,019,270 "
25-Feb-22,"$2,598.44 ","$2,821.97 ","$2,579.21 ","$2,764.54 ","$17,208,902,048 ","$331,001,574,996 "
26-Feb-22,"$2,764.99 ","$2,849.42 ","$2,745.01 ","$2,781.11 ","$11,724,648,351 ","$333,024,181,663 "
27-Feb-22,"$2,780.50 ","$2,831.13 ","$2,581.62 ","$2,621.80 ","$16,150,857,254 ","$313,983,181,396 "
28-Feb-22,"$2,621.17 ","$2,929.18 ","$2,586.39 ","$2,919.20 ","$19,266,124,733 ","$349,638,704,204 "
01-Mar-22,"$2,919.78 ","$3,029.65 ","$2,868.94 ","$2,972.49 ","$18,757,425,786 ","$356,060,928,142 "
02-Mar-22,"$2,972.47 ","$3,026.87 ","$2,919.94 ","$2,950.12 ","$16,636,517,503 ","$353,421,574,640 "
03-Mar-22,"$2,950.16 ","$2,964.67 ","$2,797.32 ","$2,834.47 ","$13,091,199,728 ","$339,605,220,817 "
04-Mar-22,"$2,834.99 ","$2,835.18 ","$2,587.75 ","$2,617.16 ","$14,496,939,024 ","$313,604,105,839 "
05-Mar-22,"$2,618.47 ","$2,679.10 ","$2,596.99 ","$2,664.83 ","$8,072,368,396 ","$319,352,820,653 "
06-Mar-22,"$2,664.94 ","$2,673.64 ","$2,555.04 ","$2,555.04 ","$8,872,976,607 ","$306,229,430,306 "
07-Mar-22,"$2,555.30 ","$2,639.94 ","$2,455.59 ","$2,497.77 ","$14,594,098,731 ","$299,399,838,914 "
08-Mar-22,"$2,497.72 ","$2,618.17 ","$2,489.76 ","$2,576.75 ","$13,922,922,903 ","$308,901,634,237 "
09-Mar-22,"$2,577.17 ","$2,761.80 ","$2,573.66 ","$2,729.78 ","$14,173,665,398 ","$327,284,646,384 "
10-Mar-22,"$2,729.12 ","$2,729.12 ","$2,566.19 ","$2,608.05 ","$13,292,477,213 ","$312,725,132,203 "
11-Mar-22,"$2,608.27 ","$2,664.56 ","$2,534.69 ","$2,559.56 ","$12,382,419,582 ","$306,945,646,022 "
12-Mar-22,"$2,559.66 ","$2,606.44 ","$2,559.13 ","$2,574.75 ","$6,532,996,574 ","$308,802,688,253 "
13-Mar-22,"$2,573.49 ","$2,594.55 ","$2,503.89 ","$2,518.94 ","$8,632,000,379 ","$302,142,844,336 "
14-Mar-22,"$2,518.49 ","$2,604.03 ","$2,505.30 ","$2,590.70 ","$11,244,398,839 ","$310,784,628,715 "
15-Mar-22,"$2,590.67 ","$2,662.33 ","$2,515.77 ","$2,620.15 ","$12,861,105,614 ","$314,353,415,766 "
16-Mar-22,"$2,620.03 ","$2,781.31 ","$2,610.76 ","$2,772.06 ","$17,915,109,769 ","$332,615,747,238 "
17-Mar-22,"$2,771.96 ","$2,826.16 ","$2,751.56 ","$2,814.85 ","$12,685,265,194 ","$337,789,077,518 "
18-Mar-22,"$2,814.43 ","$2,973.62 ","$2,774.86 ","$2,945.34 ","$15,830,879,093 ","$353,488,093,017 "
19-Mar-22,"$2,944.72 ","$2,979.99 ","$2,910.80 ","$2,946.26 ","$11,576,463,120 ","$353,637,851,553 "
20-Mar-22,"$2,946.55 ","$2,956.97 ","$2,826.11 ","$2,860.46 ","$12,684,727,326 ","$343,377,833,604 "
21-Mar-22,"$2,860.10 ","$2,954.56 ","$2,838.25 ","$2,897.98 ","$15,206,116,098 ","$347,920,723,063 "
22-Mar-22,"$2,897.77 ","$3,040.38 ","$2,892.54 ","$2,973.13 ","$16,830,539,230 ","$356,983,458,904 "
23-Mar-22,"$2,973.15 ","$3,036.75 ","$2,933.31 ","$3,031.07 ","$16,008,767,658 ","$363,981,070,562 "
24-Mar-22,"$3,031.06 ","$3,118.39 ","$3,012.33 ","$3,108.06 ","$18,070,503,166 ","$373,268,685,628 "
25-Mar-22,"$3,108.45 ","$3,183.96 ","$3,087.49 ","$3,106.67 ","$17,030,503,831 ","$373,143,966,537 "
26-Mar-22,"$3,106.41 ","$3,146.83 ","$3,091.83 ","$3,143.18 ","$8,876,420,740 ","$377,571,096,915 "
27-Mar-22,"$3,143.80 ","$3,291.58 ","$3,130.00 ","$3,291.58 ","$13,431,866,834 ","$395,441,924,036 "
28-Mar-22,"$3,292.32 ","$3,424.02 ","$3,279.03 ","$3,336.63 ","$20,620,450,770 ","$400,900,140,647 "
29-Mar-22,"$3,335.02 ","$3,470.19 ","$3,335.02 ","$3,401.99 ","$19,533,323,636 ","$408,798,491,703 "
30-Mar-22,"$3,401.53 ","$3,435.29 ","$3,349.24 ","$3,385.16 ","$15,302,506,131 ","$406,821,918,325 "
31-Mar-22,"$3,385.29 ","$3,435.13 ","$3,272.93 ","$3,281.64 ","$17,685,495,686 ","$394,425,928,251 "
01-Apr-22,"$3,282.58 ","$3,467.56 ","$3,223.89 ","$3,449.55 ","$20,982,988,937 ","$414,654,032,151 "
02-Apr-22,"$3,449.79 ","$3,521.28 ","$3,442.00 ","$3,445.06 ","$23,571,556,215 ","$414,159,902,497 "
03-Apr-22,"$3,444.81 ","$3,573.96 ","$3,421.26 ","$3,522.83 ","$15,333,808,649 ","$423,557,081,705 "
04-Apr-22,"$3,522.36 ","$3,535.15 ","$3,422.00 ","$3,521.24 ","$18,209,969,743 ","$423,413,008,036 "
05-Apr-22,"$3,521.24 ","$3,546.71 ","$3,410.55 ","$3,411.79 ","$16,681,503,199 ","$410,298,423,739 "
06-Apr-22,"$3,411.67 ","$3,411.67 ","$3,171.20 ","$3,171.69 ","$25,632,563,639 ","$381,466,903,809 "
07-Apr-22,"$3,172.20 ","$3,263.47 ","$3,155.58 ","$3,233.27 ","$16,745,496,605 ","$388,917,301,310 "
08-Apr-22,"$3,233.27 ","$3,301.61 ","$3,179.14 ","$3,192.07 ","$17,557,050,669 ","$384,004,266,017 "
09-Apr-22,"$3,191.98 ","$3,261.96 ","$3,187.47 ","$3,261.92 ","$9,908,112,156 ","$392,450,014,876 "
10-Apr-22,"$3,261.29 ","$3,303.00 ","$3,211.87 ","$3,211.87 ","$10,427,054,790 ","$386,471,827,351 "
11-Apr-22,"$3,209.58 ","$3,214.46 ","$2,962.76 ","$2,981.05 ","$21,891,804,831 ","$358,739,023,179 "
12-Apr-22,"$2,981.42 ","$3,077.45 ","$2,957.87 ","$3,030.38 ","$20,235,707,410 ","$364,715,602,736 "
13-Apr-22,"$3,029.88 ","$3,123.58 ","$3,006.48 ","$3,118.34 ","$16,088,473,629 ","$375,344,730,159 "
14-Apr-22,"$3,117.82 ","$3,139.93 ","$2,988.44 ","$3,019.91 ","$15,821,419,931 ","$363,537,133,351 "
15-Apr-22,"$3,020.13 ","$3,044.29 ","$3,001.12 ","$3,040.92 ","$11,256,651,536 ","$366,106,878,801 "
16-Apr-22,"$3,041.12 ","$3,074.89 ","$3,016.42 ","$3,062.31 ","$8,766,710,365 ","$368,723,505,202 "
17-Apr-22,"$3,061.88 ","$3,075.78 ","$2,989.04 ","$2,993.40 ","$10,463,091,281 ","$360,466,921,074 "
18-Apr-22,"$2,993.48 ","$3,062.52 ","$2,893.91 ","$3,057.61 ","$18,629,381,299 ","$368,239,502,264 "
19-Apr-22,"$3,057.57 ","$3,125.08 ","$3,035.54 ","$3,104.11 ","$14,156,035,096 ","$373,881,545,796 "
20-Apr-22,"$3,103.93 ","$3,157.89 ","$3,045.29 ","$3,077.75 ","$15,547,362,265 ","$370,747,899,753 "
21-Apr-22,"$3,077.83 ","$3,173.45 ","$2,962.41 ","$2,987.48 ","$20,783,591,093 ","$359,913,941,107 "
22-Apr-22,"$2,986.94 ","$3,024.85 ","$2,942.36 ","$2,964.84 ","$16,782,795,477 ","$357,225,521,174 "
23-Apr-22,"$2,964.80 ","$2,975.32 ","$2,926.74 ","$2,938.11 ","$9,116,955,609 ","$354,042,065,766 "
24-Apr-22,"$2,937.35 ","$2,961.88 ","$2,922.13 ","$2,922.73 ","$9,696,829,579 ","$352,230,955,094 "
25-Apr-22,"$2,922.99 ","$3,018.42 ","$2,804.51 ","$3,009.39 ","$22,332,690,614 ","$362,714,896,494 "
26-Apr-22,"$3,008.95 ","$3,026.42 ","$2,786.25 ","$2,808.30 ","$19,052,045,399 ","$338,514,769,949 "
27-Apr-22,"$2,808.65 ","$2,911.88 ","$2,802.27 ","$2,888.93 ","$17,419,284,041 ","$348,272,874,148 "
28-Apr-22,"$2,888.85 ","$2,973.13 ","$2,861.82 ","$2,936.94 ","$18,443,524,633 ","$354,099,998,307 "
29-Apr-22,"$2,936.78 ","$2,943.45 ","$2,782.44 ","$2,815.60 ","$18,771,041,399 ","$339,508,249,529 "
30-Apr-22,"$2,815.53 ","$2,836.83 ","$2,727.41 ","$2,730.19 ","$13,520,941,867 ","$329,245,687,215 "
01-May-22,"$2,729.99 ","$2,838.70 ","$2,728.08 ","$2,827.76 ","$15,332,730,152 ","$341,049,885,442 "
02-May-22,"$2,827.61 ","$2,874.15 ","$2,785.52 ","$2,857.41 ","$18,609,741,545 ","$344,664,213,659 "
03-May-22,"$2,857.15 ","$2,859.19 ","$2,762.12 ","$2,783.48 ","$13,026,093,219 ","$335,783,385,600 "
04-May-22,"$2,783.13 ","$2,956.69 ","$2,779.27 ","$2,940.64 ","$18,186,749,944 ","$354,781,969,604 "
05-May-22,"$2,940.23 ","$2,948.96 ","$2,704.92 ","$2,749.21 ","$22,642,925,048 ","$331,722,438,860 "
06-May-22,"$2,748.93 ","$2,754.84 ","$2,645.34 ","$2,694.98 ","$21,027,599,270 ","$325,214,199,379 "
07-May-22,"$2,694.99 ","$2,696.65 ","$2,599.52 ","$2,636.09 ","$13,369,276,367 ","$318,142,976,736 "
08-May-22,"$2,636.12 ","$2,638.83 ","$2,498.43 ","$2,517.46 ","$20,802,269,935 ","$303,859,041,427 "
09-May-22,"$2,518.51 ","$2,528.26 ","$2,238.06 ","$2,245.43 ","$36,333,567,678 ","$271,054,331,837 "
10-May-22,"$2,242.65 ","$2,450.76 ","$2,206.76 ","$2,343.51 ","$38,202,099,639 ","$282,924,938,115 "
11-May-22,"$2,342.75 ","$2,441.08 ","$2,018.86 ","$2,072.11 ","$45,743,399,154 ","$250,186,937,448 "
12-May-22,"$2,072.50 ","$2,170.46 ","$1,748.30 ","$1,961.70 ","$42,463,486,402 ","$236,882,074,239 "
13-May-22,"$1,960.12 ","$2,139.71 ","$1,941.98 ","$2,014.42 ","$24,816,096,567 ","$243,274,721,467 "
14-May-22,"$2,014.28 ","$2,063.43 ","$1,956.57 ","$2,056.27 ","$15,457,044,616 ","$248,356,265,278 "
15-May-22,"$2,056.18 ","$2,147.19 ","$2,008.16 ","$2,145.71 ","$14,846,088,335 ","$259,186,464,087 "
16-May-22,"$2,145.84 ","$2,145.84 ","$1,988.81 ","$2,022.73 ","$21,459,552,191 ","$244,357,879,748 "
17-May-22,"$2,022.88 ","$2,113.06 ","$2,015.97 ","$2,090.41 ","$18,509,929,297 ","$252,562,157,297 "
18-May-22,"$2,090.46 ","$2,102.33 ","$1,916.66 ","$1,916.66 ","$17,740,965,589 ","$231,594,842,726 "
19-May-22,"$1,916.15 ","$2,028.39 ","$1,907.02 ","$2,018.34 ","$18,734,247,914 ","$243,906,956,357 "
20-May-22,"$2,018.00 ","$2,054.80 ","$1,926.68 ","$1,961.32 ","$15,892,482,289 ","$237,041,503,833 "
21-May-22,"$1,961.02 ","$1,985.40 ","$1,944.27 ","$1,974.52 ","$8,546,822,406 ","$238,662,541,735 "
22-May-22,"$1,974.67 ","$2,047.19 ","$1,966.04 ","$2,043.17 ","$10,941,123,403 ","$246,986,847,793 "
23-May-22,"$2,042.34 ","$2,080.33 ","$1,964.39 ","$1,972.18 ","$16,434,529,708 ","$238,431,020,387 "
24-May-22,"$1,972.39 ","$1,991.54 ","$1,920.69 ","$1,978.98 ","$13,057,109,007 ","$239,278,614,834 "
25-May-22,"$1,978.68 ","$2,014.37 ","$1,943.94 ","$1,944.83 ","$13,364,545,730 ","$235,174,141,324 "
26-May-22,"$1,945.03 ","$1,962.17 ","$1,759.20 ","$1,803.91 ","$23,458,681,818 ","$218,157,454,743 "
